INSERT INTO `tbl_sys_consigns` (`CONSIGNATION`,`PROCESS_INSTANCE_ID`,`ID`,`CODE`,`NAME`,`CREATED_TIME`,`CREATED_USER_ID`,`ALTERED_TIME`,`ALTERED_USER_ID`,`USER_ID`)VALUES
('consign1 belong to project1','2501','consign1',NULL ,NULL ,NULL ,NULL ,NULL ,NULL ,'1' ),
('consign2 belong to project1','5001','consign2',NULL ,NULL ,NULL ,NULL ,NULL ,NULL ,'2' ),
('consign3 belong to project1','7501','consign3',NULL ,NULL ,NULL ,NULL ,NULL ,NULL ,'3' );


INSERT INTO `tbl_sys_contracts` (`CONTRACTBODY`,`PROCESS_INSTANCE_ID`,`ID`,`CODE`,`NAME`,`CREATED_TIME`,`CREATED_USER_ID`,`ALTERED_TIME`,`ALTERED_USER_ID`,`USER_ID`) VALUES
('contract1 belong to consign1','2501','contract1',NULL,NULL,NULL,NULL,NULL,NULL,'2'),
('contract2 belong to consign2','5001','contract2',NULL,NULL,NULL,NULL,NULL,NULL,'2'),
('contract3 belong to consign3','7501','contract3',NULL,NULL,NULL,NULL,NULL,NULL,'3');

INSERT  INTO `tbl_sys_projects` (ID, CODE, NAME, CREATED_TIME, CREATED_USER_ID, ALTERED_TIME, ALTERED_USER_ID, USER_ID, CONSIGN_ID, CONTRACT_ID, TESTREPORT_ID, TESTREPORTCHECK_ID, TESTWORKCHECK_ID, TESTPLAN_ID, CREATED_USER_NAME, ALTERED_USER_NAME, SATISFACTIONSURVEY_ID) VALUES
('p1',NULL,'project1',NULL,NULL,NULL,NULL,'2','consign1','contract1','trp1','trc1','twc1','tp1',NULL ,NULL ,'ss1'),
('p2',NULL,'project2',NULL,NULL,NULL,NULL,'2','consign2','contract2','trp2','trc2','twc2','tp2',NULL ,NULL , 'ss2'),
('p3',NULL,'project3',NULL,NULL,NULL,NULL,'3','consign3','contract3','trp3','trc3','twc3','tp3',NULL ,NULL , 'ss3');


INSERT INTO `tbl_sys_satisfactionsurveys` (ID, CODE, NAME, CREATED_TIME, CREATED_USER_ID, ALTERED_TIME, ALTERED_USER_ID, PROCESS_INSTANCE_ID, BODY, CREATED_USER_NAME, ALTERED_USER_NAME) VALUES
('ss1',NULL ,NULL ,NULL ,NULL ,NULL ,NULL ,'2501','satisfactionsurveys1' ,NULL ,NULL ),
('ss2',NULL ,NULL ,NULL ,NULL ,NULL ,NULL ,'5001','satisfactionsurveys2' ,NULL ,NULL ),
('ss3',NULL ,NULL ,NULL ,NULL ,NULL ,NULL ,'7501','satisfactionsurveys3' ,NULL ,NULL );

INSERT INTO `tbl_sys_testbugs` (`ID`,`CODE`,`NAME`,`CREATED_TIME`,`CREATED_USER_ID`,`ALTERED_TIME`,`ALTERED_USER_ID`,`PROCESS_INSTANCE_ID`,`PROJECT_ID`,`BODY`,`CREATED_USER_NAME`,`ALTERED_USER_NAME`)VALUES
('tb1',NULL ,NULL,NULL,NULL,NULL,NULL,'2501','p1','TestBug_1',NULL ,NULL ),
('tb2',NULL ,NULL,NULL,NULL,NULL,NULL,'5001','p2','TestBug_2',NULL ,NULL ),
('tb3',NULL ,NULL,NULL,NULL,NULL,NULL,'7501','p3','TestBug_3',NULL ,NULL );

INSERT INTO `tbl_sys_testcases` (ID, CODE, NAME, CREATED_TIME, CREATED_USER_ID, ALTERED_TIME, ALTERED_USER_ID, PROCESS_INSTANCE_ID, PROJECT_ID, BODY, TESTTYPE, TESTORDER, DESIGNNOTE, AGREEMENTNOTE, IMPLEMENTATION, PRERESULT, DESIGNERNAME, TIME1, BASIS, TESTCONDITION, ACRESULT, SAMERESULT, CASEEXECUTOR, TIME2, COMFIRMER, BUGDESC, DEMAND, BUGCONDITION, BUGPATH, TIME3, REVSUG, CREATED_USER_NAME, ALTERED_USER_NAME) VALUES
('tc1',NULL,NULL,NULL,NULL,NULL,NULL,'2501','p1','testcase1',NULL ,NULL ,NULL ,NULL ,NULL ,NULL ,NULL ,NULL ,NULL ,NULL ,NULL ,NULL ,NULL ,NULL ,NULL ,NULL ,NULL ,NULL ,NULL ,NULL ,NULL ,NULL ,NULL ),
('tc2',NULL,NULL,NULL,NULL,NULL,NULL,'5001','p2','testcase2',NULL ,NULL ,NULL ,NULL ,NULL ,NULL ,NULL ,NULL ,NULL ,NULL ,NULL ,NULL ,NULL ,NULL ,NULL ,NULL ,NULL ,NULL ,NULL ,NULL ,NULL ,NULL ,NULL ),
('tc3',NULL,NULL,NULL,NULL,NULL,NULL,'7501','p3','testcase3',NULL ,NULL ,NULL ,NULL ,NULL ,NULL ,NULL ,NULL ,NULL ,NULL ,NULL ,NULL ,NULL ,NULL ,NULL ,NULL ,NULL ,NULL ,NULL ,NULL ,NULL ,NULL ,NULL );

INSERT INTO `tbl_sys_testfunctions` (ID, CODE, NAME, CREATED_TIME, CREATED_USER_ID, ALTERED_TIME, ALTERED_USER_ID, PROCESS_INSTANCE_ID, PROJECT_ID, BODY, CREATED_USER_NAME, ALTERED_USER_NAME) VALUES
('tf1',NULL ,NULL ,NULL ,NULL ,NULL ,NULL ,'2501','p1' ,'testfunctions1' ,NULL ,NULL ),
('tf2',NULL ,NULL ,NULL ,NULL ,NULL ,NULL ,'5001' ,'p2' ,'testfunctions2' ,NULL ,NULL ),
('tf3',NULL ,NULL ,NULL ,NULL ,NULL ,NULL ,'7501','p3' ,'testfunctions3' ,NULL ,NULL );

INSERT INTO `tbl_sys_testplans` (`ID`,`CODE`,`NAME`,`CREATED_TIME`,`CREATED_USER_ID`,`ALTERED_TIME`,`PROCESS_INSTANCE_ID`,`ALTERED_USER_ID`,`BODY`,`CREATED_USER_NAME`,`ALTERED_USER_NAME`)VALUES
('tp1',NULL ,NULL ,NULL ,NULL ,NULL ,'2501' ,NULL ,'testplan1' ,NULL ,NULL ),
('tp2',NULL ,NULL ,NULL ,NULL ,NULL ,'5001' ,NULL ,'testplan2' ,NULL ,NULL ),
('tp3',NULL ,NULL ,NULL ,NULL ,NULL ,'7501' ,NULL ,'testplan3' ,NULL ,NULL );

INSERT INTO `tbl_sys_testrecords` (`ID`,`CODE`,`NAME`,`CREATED_TIME`,`CREATED_USER_ID`,`ALTERED_TIME`,`ALTERED_USER_ID`,`BODY`,`PROJECT_ID`,`PROCESS_INSTANCE_ID`,`TESTCASE_ID`,`CREATED_USER_NAME`,`ALTERED_USER_NAME`)VALUES
('tr1',NULL ,NULL ,NULL ,NULL ,NULL ,NULL ,'testrecords1' ,'p1' ,'2501' ,'tc1' ,NULL ,NULL ),
('tr2',NULL ,NULL ,NULL ,NULL ,NULL ,NULL ,'testrecords2' ,'p2' ,'5001' ,'tc2' ,NULL ,NULL ),
('tr3',NULL ,NULL ,NULL ,NULL ,NULL ,NULL ,'testrecords3' ,'p3' ,'7501' ,'tc3' ,NULL ,NULL );

INSERT INTO `tbl_sys_testreportchecks`  (ID, CODE, NAME, CREATED_TIME, CREATED_USER_ID, ALTERED_TIME, ALTERED_USER_ID, PROCESS_INSTANCE_ID, BODY, CREATED_USER_NAME, ALTERED_USER_NAME) VALUES
('trc1',NULL ,NULL ,NULL ,NULL ,NULL ,NULL ,'2501' ,NULL ,NULL ,NULL ),
('trc2',NULL ,NULL ,NULL ,NULL ,NULL ,NULL ,'5001' ,NULL ,NULL ,NULL ),
('trc3',NULL ,NULL ,NULL ,NULL ,NULL ,NULL ,'7501' ,NULL ,NULL ,NULL );

INSERT INTO `tbl_sys_testreports` (`ID`,`CODE`,`NAME`,`CREATED_TIME`,`CREATED_USER_ID`,`ALTERED_TIME`,`ALTERED_USER_ID`,`PROCESS_INSTANCE_ID`,`BODY`,`CREATED_USER_NAME`,`ALTERED_USER_NAME`) VALUES
('trp1',NULL ,NULL ,NULL ,NULL ,NULL ,NULL ,'2501' ,NULL ,NULL ,NULL ),
('trp2',NULL ,NULL ,NULL ,NULL ,NULL ,NULL ,'5001' ,NULL ,NULL ,NULL ),
('trp3',NULL ,NULL ,NULL ,NULL ,NULL ,NULL ,'7501' ,NULL ,NULL ,NULL );

INSERT INTO  `tbl_sys_testworkchecks` (ID, CODE, NAME, CREATED_TIME, CREATED_USER_ID, ALTERED_TIME, ALTERED_USER_ID, PROCESS_INSTANCE_ID, CREATED_USER_NAME, ALTERED_USER_NAME, BODY, SOFTWARENAME, VERSION, CLIENT, STARTTIME, FCENDTIME, TESTWORKDER, ACENDTIME, CHECKBAODY) VALUES
('twc1',NULL ,NULL ,NULL ,NULL ,NULL ,NULL ,'2501' ,NULL ,NULL,NULL ,NULL ,NULL ,NULL ,NULL ,NULL ,NULL ,NULL ,NULL ),
('twc2',NULL ,NULL ,NULL ,NULL ,NULL ,NULL ,'5001' ,NULL ,NULL,NULL ,NULL ,NULL ,NULL ,NULL ,NULL ,NULL ,NULL ,NULL ),
('twc3',NULL ,NULL ,NULL ,NULL ,NULL ,NULL ,'7501' ,NULL ,NULL,NULL ,NULL ,NULL ,NULL ,NULL , NULL ,NULL ,NULL ,NULL );









